model,hit,map,ndcg,n
user-similarity,0.2811077389984825,0.1630367183581459,0.2113275556607415,50.0
