model,hit,map,ndcg
popularity,0.0466616084977238,0.0237520759659302,0.0301440060190279
last-random,0.1904400606980273,0.1694674677034312,0.1827908630665168
last-ordered,0.1946130500758725,0.140920759550535,0.1696802880182898
